{"cameraMode":{"drawMode":0,"name":"Shaded","section":"Shading Mode"},"sceneLighting":false,"audioPlay":false,"sceneViewState":{"showFog":true,"showMaterialUpdate":false,"showSkybox":false,"showFlares":true,"showImageEffects":true,"showParticleSystems":true},"in2DMode":false,"pivot":{"x":-13.941085815429688,"y":16.649213790893556,"z":26.575733184814454},"rotation":{"x":-0.058241795748472217,"y":-0.7512065768241882,"z":0.06689011305570603,"w":-0.6540813446044922},"size":34.341148376464847,"orthographic":false}