{"cameraMode":{"drawMode":0,"name":"Shaded","section":"Shading Mode"},"sceneLighting":true,"audioPlay":false,"sceneViewState":{"showFog":true,"showMaterialUpdate":false,"showSkybox":true,"showFlares":true,"showImageEffects":true,"showParticleSystems":true},"in2DMode":false,"pivot":{"x":139.5128173828125,"y":-2.9257516860961916,"z":89.97666931152344},"rotation":{"x":0.21507397294044496,"y":0.7672340869903565,"z":-0.3232288658618927,"w":0.5105078220367432},"size":66.72467041015625,"orthographic":false}